state,district,democA,voteA,expendA,expendB,prtystrA,lexpendA,lexpendB,shareA
PA,17,1,65.4,271.1,126.8,54.7,5.602,4.843,68.13
NY,17,1,56.6,60.3,88.9,50.5,4.099,4.488,40.42
OH,17,1,59.0,206.8,268.2,72.8,5.332,5.592,43.54
FL,2,0,52.9,238.2,141.4,54.1,5.473,4.952,62.75
PA,2,1,60.5,26.0,16.4,45.7,3.258,2.797,61.32
GA,5,0,68.8,133.1,52.4,68.6,4.891,3.959,71.75
TX,1,0,46.9,53.3,324.7,62.0,3.976,5.783,14.1
PA,1,0,52.6,29.6,278.9,68.2,3.388,5.631,9.59
OH,19,0,66.0,1390.4,16.9,48.9,7.237,2.827,98.8
FL,2,1,58.5,126.7,72.7,59.8,4.842,4.286,63.54
NY,12,1,50.8,508.0,75.7,35.5,6.23,4.327,87.03
OH,6,1,53.8,98.2,288.6,57.8,4.587,5.665,25.39
OH,4,0,70.0,353.2,15.0,48.4,5.867,2.708,95.93
TX,11,0,56.5,438.4,37.5,36.4,6.083,3.624,92.12
IL,17,0,45.4,281.6,412.3,60.3,5.64,6.022,40.58
FL,6,0,55.2,201.4,59.2,31.9,5.305,4.081,77.28
CA,5,1,51.6,169.2,274.4,30.9,5.131,5.615,38.14
OH,2,1,58.4,138.7,78.0,53.6,4.932,4.357,64.01
IL,6,1,65.8,805.8,36.2,55.7,6.692,3.589,95.7
CA,11,0,63.1,542.7,79.7,59.7,6.297,4.378,87.19
FL,16,1,58.9,1016.0,330.3,57.4,6.924,5.8,75.47
AL,16,1,36.0,49.8,494.0,64.8,3.908,6.203,9.16
GA,1,1,49.5,403.8,453.3,57.0,6.001,6.117,47.11
IL,9,1,60.2,845.8,136.5,48.7,6.74,4.916,86.1
MI,6,0,49.2,70.0,285.7,49.3,4.248,5.655,19.68
AL,16,0,48.0,30.6,67.3,47.2,3.421,4.209,31.26
GA,3,0,60.8,415.4,96.7,53.0,6.029,4.572,81.12
TX,4,1,58.8,266.3,576.6,39.0,5.585,6.357,31.59
PA,19,0,66.7,563.2,13.3,53.4,6.334,2.588,97.69
NY,3,0,64.6,55.2,32.3,49.1,4.011,3.475,63.09
MI,19,0,75.0,485.8,68.3,52.8,6.186,4.224,87.67
TX,7,0,57.4,77.6,16.7,52.8,4.352,2.815,82.29
FL,9,1,50.9,63.6,60.1,25.5,4.153,4.096,51.41
TX,1,1,42.2,63.8,228.7,41.0,4.156,5.432,21.81
PA,8,0,60.1,515.5,146.8,48.9,6.245,4.989,77.83
FL,7,0,53.9,338.3,568.0,49.4,5.824,6.342,37.33
MI,18,0,47.8,232.1,435.2,52.6,5.447,6.076,34.78
PA,8,0,54.8,143.3,114.6,53.0,4.965,4.741,55.56
CA,1,0,68.7,639.2,85.1,65.2,6.46,4.444,88.25
NY,11,0,55.3,159.5,129.4,53.1,5.072,4.863,55.21
MI,18,0,54.2,518.8,233.1,46.9,6.252,5.451,69.0
CA,10,1,61.1,183.5,88.0,34.0,5.212,4.477,67.59
GA,3,1,53.7,151.9,254.6,36.3,5.023,5.54,37.37
MI,7,0,60.2,196.3,141.7,55.4,5.28,4.954,58.08
GA,16,0,51.0,117.6,210.8,60.6,4.767,5.351,35.81
FL,16,1,61.6,423.0,153.2,65.4,6.047,5.032,73.41
CA,17,1,55.6,219.6,97.2,41.7,5.392,4.577,69.32
NY,2,1,54.4,89.3,751.3,47.0,4.492,6.622,10.62
PA,1,1,64.8,699.5,370.6,52.4,6.55,5.915,65.37
OH,16,0,62.8,155.3,47.7,70.5,5.045,3.865,76.5
TX,12,0,50.7,245.3,517.1,51.1,5.502,6.248,32.17
AL,5,1,65.4,720.8,177.1,65.5,6.58,5.177,80.28
NY,5,0,53.7,303.6,572.4,51.7,5.716,6.35,34.66
CA,9,1,48.1,47.3,412.2,61.5,3.857,6.022,10.29
OH,9,1,73.0,853.2,148.4,60.3,6.749,5.0,85.18
NY,3,1,64.6,306.4,15.7,51.7,5.725,2.754,95.13
CA,19,0,56.5,132.3,88.2,39.8,4.885,4.48,60.0
IL,16,1,37.1,55.0,205.0,47.3,4.007,5.323,21.15
IL,16,0,56.2,484.0,260.9,64.9,6.182,5.564,64.98
GA,3,1,69.6,300.3,84.6,58.8,5.705,4.438,78.02
NY,1,1,59.4,238.7,47.5,45.7,5.475,3.861,83.4
IL,11,0,53.0,683.0,460.3,46.6,6.526,6.132,59.74
CA,17,1,45.9,476.2,1050.2,32.7,6.166,6.957,31.2
GA,8,1,53.3,59.3,196.5,64.4,4.083,5.281,23.18
CA,4,0,56.9,122.1,57.1,58.9,4.805,4.045,68.14
GA,6,0,37.8,95.7,89.5,48.6,4.561,4.494,51.67
NY,8,0,65.0,418.7,14.6,52.0,6.037,2.681,96.63
OH,3,0,42.6,20.2,624.2,28.3,3.006,6.436,3.13
PA,16,0,66.7,263.1,41.3,45.1,5.573,3.721,86.43
MI,3,1,69.2,441.2,224.8,63.3,6.089,5.415,66.25
OH,18,0,62.6,638.1,90.1,59.8,6.458,4.501,87.63
FL,14,0,44.2,135.6,212.0,53.3,4.91,5.357,39.01
CA,18,1,62.0,526.5,273.5,49.9,6.266,5.611,65.81
FL,2,0,45.5,45.2,452.6,58.0,3.811,6.115,9.08
OH,3,1,67.8,572.1,67.8,47.2,6.349,4.217,89.4
GA,16,0,65.3,50.9,12.8,33.4,3.93,2.549,79.91
MI,9,0,65.4,161.9,46.8,49.9,5.087,3.846,77.58
MI,4,1,56.5,488.8,585.7,54.0,6.192,6.373,45.49
AL,1,1,48.8,58.7,527.7,61.2,4.072,6.269,10.01
MI,4,1,47.8,88.1,237.5,35.6,4.478,5.47,27.06
PA,1,1,62.7,394.3,239.4,48.8,5.977,5.478,62.22
MI,14,1,62.3,391.9,283.4,49.2,5.971,5.647,58.03
OH,16,0,70.8,317.5,58.2,39.0,5.76,4.064,84.51
AL,8,0,48.8,365.2,624.6,54.9,5.9,6.437,36.9
OH,7,1,62.7,244.7,145.7,57.5,5.5,4.982,62.68
OH,3,1,50.3,97.0,130.8,47.1,4.575,4.874,42.58
TX,17,1,52.4,137.3,192.9,70.6,4.922,5.262,41.58
AL,1,0,58.7,70.1,22.0,46.8,4.25,3.091,76.11
OH,16,0,69.4,727.3,55.5,45.5,6.589,4.016,92.91
TX,12,1,54.4,272.7,344.9,45.2,5.608,5.843,44.15
TX,19,0,65.5,163.7,31.6,41.8,5.098,3.453,83.82
AL,14,1,51.2,196.0,241.1,44.4,5.278,5.485,44.84
FL,6,1,64.7,892.8,80.4,35.7,6.794,4.387,91.74
GA,6,0,53.0,59.9,133.3,48.1,4.093,4.893,31.0
PA,13,1,55.0,274.7,95.2,50.6,5.616,4.556,74.26
GA,19,1,55.0,221.5,119.9,27.2,5.4,4.787,64.88
MI,8,0,54.4,293.6,327.4,49.0,5.682,5.791,47.28
PA,2,1,47.9,15.5,98.1,50.4,2.741,4.586,13.64
MI,1,1,56.5,627.0,218.9,55.1,6.441,5.389,74.12
OH,15,1,74.7,817.0,171.6,62.0,6.706,5.145,82.64
CA,1,0,57.1,259.8,282.4,58.5,5.56,5.643,47.92
AL,5,1,50.4,367.9,700.5,43.8,5.908,6.552,34.43
PA,16,0,57.4,777.2,339.7,42.6,6.656,5.828,69.59
PA,19,0,69.1,378.5,70.5,55.8,5.936,4.256,84.3
OH,4,1,62.2,59.7,17.9,44.5,4.089,2.885,76.93
FL,3,0,66.3,267.6,86.0,37.7,5.589,4.454,75.68
TX,17,0,54.1,290.0,236.0,73.7,5.67,5.464,55.13
OH,17,1,66.8,175.6,23.2,46.9,5.168,3.144,88.33
IL,12,1,61.6,410.0,181.5,43.7,6.016,5.201,69.32
TX,14,1,58.0,827.1,237.1,28.1,6.718,5.468,77.72
AL,6,1,66.0,789.4,111.7,58.5,6.671,4.716,87.6
TX,3,0,46.2,189.8,378.4,40.1,5.246,5.936,33.4
FL,9,0,57.3,46.1,38.2,50.3,3.831,3.643,54.69
TX,5,0,62.2,1266.8,29.5,59.7,7.144,3.384,97.72
AL,17,1,61.6,557.7,335.7,40.3,6.324,5.816,62.42
FL,14,1,44.2,49.9,181.0,50.8,3.91,5.198,21.61
GA,3,1,65.2,770.9,301.5,65.2,6.648,5.709,71.89
PA,1,1,61.0,621.8,152.7,25.4,6.433,5.028,80.28
PA,1,0,57.9,229.5,80.7,41.9,5.436,4.391,73.98
MI,3,0,49.2,278.4,437.5,41.0,5.629,6.081,38.89
GA,18,0,37.9,162.7,411.6,48.1,5.092,6.02,28.33
GA,10,1,46.0,26.9,306.6,49.5,3.292,5.726,8.07
TX,3,0,61.2,132.5,89.4,39.4,4.887,4.493,59.71
PA,8,1,50.6,497.1,233.0,43.5,6.209,5.451,68.09
AL,14,0,39.0,11.4,122.0,42.3,2.434,4.804,8.55
NY,18,0,57.0,131.7,34.0,46.5,4.881,3.526,79.48
NY,15,0,45.7,162.3,633.2,52.2,5.089,6.451,20.4
FL,2,1,70.2,241.3,46.8,59.1,5.486,3.846,83.76
PA,10,1,62.1,767.2,760.1,60.6,6.643,6.633,50.23
PA,2,0,60.9,137.6,157.7,56.5,4.924,5.061,46.6
NY,17,0,65.6,137.8,61.2,41.3,4.926,4.114,69.25
PA,8,1,58.9,411.3,205.2,50.0,6.019,5.324,66.72
TX,1,0,47.0,190.6,525.8,73.7,5.25,6.265,26.61
IL,9,1,47.5,86.3,339.4,60.1,4.458,5.827,20.27
CA,11,1,51.6,190.7,420.7,45.6,5.251,6.042,31.19
GA,16,0,42.0,55.5,278.8,65.8,4.016,5.63,16.6
MI,7,0,53.0,68.2,304.6,46.1,4.222,5.719,18.29
FL,10,1,52.4,217.0,482.9,43.3,5.38,6.18,31.0
IL,3,0,62.1,172.9,81.8,64.0,5.153,4.404,67.88
NY,18,0,58.1,749.0,178.1,36.9,6.619,5.182,80.79
GA,13,1,52.8,145.0,72.5,30.9,4.977,4.284,66.67
PA,7,1,48.1,270.7,1108.9,59.4,5.601,7.011,19.62
MI,4,1,47.8,310.1,730.9,50.3,5.737,6.594,29.79
PA,13,1,57.3,14.0,20.1,51.3,2.639,3.001,41.06
AL,1,0,53.1,336.8,315.7,46.4,5.819,5.755,51.62
AL,8,0,44.9,68.8,658.4,47.6,4.231,6.49,9.46
MI,14,1,67.2,983.8,59.8,45.4,6.891,4.091,94.27
MI,16,1,46.4,58.3,219.8,43.7,4.066,5.393,20.96
NY,14,0,44.5,170.7,627.7,46.2,5.14,6.442,21.38
MI,12,1,62.6,36.8,18.6,45.9,3.605,2.923,66.43
TX,19,0,67.4,1740.4,308.9,41.7,7.462,5.733,84.93
PA,15,0,61.9,219.3,98.2,44.5,5.39,4.587,69.07
IL,2,0,47.0,281.4,655.6,25.0,5.64,6.486,30.03
OH,2,0,37.6,30.8,895.6,56.8,3.428,6.797,3.32
MI,19,0,53.4,425.8,731.8,53.9,6.054,6.596,36.78
FL,17,0,55.7,80.7,170.7,49.2,4.391,5.14,32.1
AL,10,0,60.3,695.0,505.2,52.4,6.544,6.225,57.91
TX,6,1,39.7,78.9,475.4,52.7,4.368,6.164,14.23
GA,15,1,50.6,73.5,106.1,42.8,4.297,4.664,40.92
OH,11,1,42.2,21.2,451.4,44.7,3.054,6.112,4.49
IL,5,1,64.6,201.6,19.4,55.3,5.306,2.965,91.22
OH,1,0,49.3,259.6,236.8,52.1,5.559,5.467,52.3
MI,8,0,51.1,30.4,75.3,70.4,3.414,4.321,28.76
NY,12,1,67.0,458.2,42.1,66.2,6.127,3.74,91.59
AL,12,0,67.7,191.2,30.0,59.3,5.253,3.401,86.44
AL,5,1,43.4,232.9,307.9,42.4,5.451,5.73,43.07
GA,7,0,60.3,184.4,113.8,44.4,5.217,4.734,61.84
NY,4,1,44.7,163.6,332.5,40.0,5.097,5.807,32.98
PA,6,0,72.7,256.0,26.9,52.8,5.545,3.292,90.49
CA,13,1,44.1,60.6,104.7,22.6,4.104,4.651,36.66
TX,15,1,46.6,70.2,203.9,45.4,4.251,5.318,25.61
AL,3,1,56.5,603.7,401.0,46.9,6.403,5.994,60.09
FL,8,0,60.3,886.3,106.0,34.8,6.787,4.663,89.32
